{
  "name": "Abbey Santos",
  "type": "personal",
  "bio": "IT Student | DevOps | Networking | Cloud | Open Source Enthusiast!",
  "avatar": "https://github.com/AbbeyIT.png",
  "links": [
    {
      "name": "Follow me on GitHub",
      "url": "https://github.com/AbbeyIT",
      "icon": "FaGithub"
    },
    {
      "name": "Follow me on Twitter",
      "url": "https://twitter.com/abbeywilltech",
      "icon": "FaTwitter"
    },
    {
      "name": "Read my blogs on Hashnode",
      "url": "https://abbeywillblog.hashnode.dev",
      "icon": "SiHashnode"
    }
  ]
}
