{
  "name": "Abdus Salam",
  "type": "personal",
  "bio": "Hi there! I am Python Developer doing my best to contribute to open source. I'm not limited to Python only, I can do more fun things (it's a long list). Connect with me and find out😉",
  "avatar": "https://github.com/abdussalam02.png",
  "links": [
    {
      "name": "Check out my Website",
      "url": "https://abdussalam.herokuapp.com",
      "icon": "FaGlobe"
    },
    {
      "name": "Take a peek at my work",
      "url": "https://github.com/abdussalam02",
      "icon": "FaGithub"
    },
    {
      "name": "Get in touch with me on Telegram",
      "url": "https://t.me/aladdin_02",
      "icon": "FaTelegram"
    },
    {
      "name": "See me tweet on Twitter",
      "url": "https://twitter.com/abdussalam_02",
      "icon": "FaTwitter"
    },
    {
      "name": "Connect with me on LinkedIn",
      "url": "https://linkedin.com/in/abdus-salam-06278a217/",
      "icon": "FaLinkedin"
    }
  ],
  "milestones": [
    {
      "title": "Open-Source",
      "date": "October 2021",
      "icon": "FaGithub",
      "color": "blue",
      "description": "Learning to contribute to Open-Source"
    },
    {
      "title": "Education",
      "date": "June 2021",
      "icon": "FaGraduationCap",
      "color": "grey",
      "description": "Pulling of my Bachelors in Computer Application from IGNOU"
    },
    {
      "title": "Tech Journey",
      "date": "January 2018",
      "icon": "FaDev",
      "color": "white",
      "description": "Started my Tech Journey by working on frontend at the early stage of 2018"
    }
  ]
}
