{
  "name": "Abhinav Kashyap",
  "type": "personal",
  "bio": "Full Stack Web Developer",
  "avatar": "https://github.com/abhinavkashyap061.png",
  "links": [
    {
      "name": "Follow me on GitHub",
      "url": "https://github.com/abhinavkashyap061",
      "icon": "FaGithub"
    },
    {
      "name": "Follow me on Twitter",
      "url": "https://twitter.com/abhinavstwt",
      "icon": "FaTwitter"
    },
    {
      "name": "Visit my Portfolio website",
      "url": "https://abhinavkashyap061.github.io/",
      "icon": "FaLink"
    },
    {
      "name": "Follow me on LinkedIn",
      "url": "https://www.linkedin.com/in/abhinavkashyap061/",
      "icon": "FaLinkedin"
    }
  ]
}
