{
  "name": "ABHISHEK",
  "type": "personal",
  "bio": "Open Source Enthusiast!",
  "avatar": "https://github.com/abrknine.png",
  "links": [
    {
      "name": "Follow me on GitHub",
      "url": "https://github.com/abrknine",
      "icon": "FaGithub"
    },
    {
      "name": "Follow me on Twitter",
      "url": "https://twitter.com/AbhishekBahukh8",
      "icon": "FaTwitter"
    }
  ],
  "milestones": [
    {
      "title": "DSA guy",
      "date": "December 2021",
      "icon": "FaDollarSign",
      "color": "grey",
      "description": "started doing cp",
      "url": "https://leetcode.com/abhibah123/"
    }
  ]
}
