{
  "name": "Abhishek Anand",
  "displayStatsPublic": true,
  "type": "personal",
  "bio": "Open Source Enthusiast!",
  "avatar": "https://github.com/abhirk247.png",
  "links": [
    {
      "name": "Follow me on GitHub",
      "url": "https://github.com/abhirk247",
      "icon": "FaGithub"
    },
    {
      "name": "Follow me on Twitter",
      "url": "https://twitter.com/abhirk247",
      "icon": "FaTwitter"
    },
    {
      "name": "Visit my profile website",
      "url": "https://www.abhirk.me",
      "icon": "website"
    },
    {
      "name": "Follow me on LinkedIn",
      "url": "https://www.linkedin.com/in/abhirk247/",
      "icon": "FaLinkedin"
    }
  ]
}
