{
  "name": "Ahmed Silat",
  "type": "Personal",
  "bio": "Coding to learn how to code.",
  "avatar": "https://github.com/ahmedsilat44.png",
  "links": [
    {
      "name": "Follow me on GitHub",
      "url": "https://github.com/ahmedsilat44",
      "icon": "FaGithub"
    },
    {
      "name": "Follow me on Twitter",
      "url": "https://twitter.com/AhmedSilat3",
      "icon": "FaTwitter"
    }
  ],
  "milestones": [
    {
      "title": "Open Source",
      "date": "26th September 2022",
      "icon": "FaBook",
      "description": "Made my first ever Open Source Contribution"
    }
  ]
}
