{
  "name": "Anowar J Radwan",
  "type": "personal",
  "bio": "Software Developer",
  "avatar": "https://github.com/AjRadwan.png",
  "links": [
    {
      "name": "Follow me on GitHub",
      "url": "https://github.com/AjRadwan",
      "icon": "FaGithub"
    },
    {
      "name": "Follow me on Twitter",
      "url": "https://twitter.com/Anowar_J_Radwan",
      "icon": "FaTwitter"
    },
    {
      "name": "Follow me on LinkedIn",
      "url": "https://www.linkedin.com/in/anowarjahanradwan",
      "icon": "FaLinkedin"
    },
    {
      "name": "Follow me on YouTube",
      "url": "https://www.youtube.com/channel/UCoYxEg_wn4PoJ8e5mAQSotg",
      "icon": "FaYoutube"
    },
    {
      "name": "Follow me on Facebook",
      "url": "https://www.facebook.com/AnowarJRadwan",
      "icon": "FaFacebook"
    }
  ]
}
