{
  "name": "Akshith Bellare",
  "type": "personal",
  "bio": ".NET Core Developer and Open Source Enthusiast!",
  "avatar": "https://github.com/AKSHITHBELLARE.png",
  "links": [
    {
      "name": "My Personal Website 🌐",
      "url": "https://akshithbellare.github.io",
      "icon": "FaLink"
    },
    {
      "name": "Follow me on GitHub ❤️",
      "url": "https://github.com/AKSHITHBELLARE",
      "icon": "FaGithub"
    },
    {
      "name": "Follow me on Twitter 🗨️",
      "url": "https://twitter.com/AKSHITHBELLARE",
      "icon": "FaTwitter"
    },
    {
      "name": "Connect with me on LinkedIn 🤝",
      "url": "https://www.linkedin.com/in/AKSHITHBELLARE",
      "icon": "FaLinkedin"
    },
    {
      "name": "Go to my YouTube! 🎥",
      "url": "https://www.youtube.com/channel/UCt2DqsLcseQHp6bqFYVS0Sw",
      "icon": "FaYoutube"
    }
  ],
  "milestones": [
    {
      "title": "Completed my Internship!",
      "date": "June-May 2021",
      "icon": "FaDollarSign",
      "color": "grey",
      "description": "Interned in the Architecture team at GEP Worldwide.",
      "url": "https://www.gep.com"
    },
    {
      "title": "Graduated from NITK Surathkal",
      "date": "April 2022",
      "icon": "FaGraduationCap",
      "color": "black",
      "description": "Completed my B.Tech in Information Technology from NITK Surathkal.",
      "url": "https://www.nitk.ac.in"
    },
    {
      "title": "Started my first job!",
      "date": "June 2022",
      "icon": "FaDollarSign",
      "color": "green",
      "description": "Started my new position as a Software Engineer at GEP Worldwide.",
      "url": "https://www.gep.com"
    }
  ]
}
