{
  "name": "Akshat Mishra",
  "type": "personal",
  "bio": "Software Engineer",
  "avatar": "https://github.com/Akshat-Mishra101.png",
  "links": [
    {
      "name": "Follow me on GitHub",
      "url": "https://github.com/Akshat-Mishra101",
      "icon": "FaGithub"
    },
    {
      "name": "Follow me on Twitter",
      "url": "https://twitter.com/@0xakshat",
      "icon": "FaTwitter"
    },
    {
      "name": "Follow me on Medium",
      "url": "https://medium.com/@_akshat",
      "icon": "SiMedium"
    },
    {
      "name": "Follow me on LinkedIn",
      "url": "https://www.linkedin.com/in/0xakshat/",
      "icon": "FaLinkedin"
    }
  ]
}
