{
  "name": "Muhammad Abdulaleem",
  "type": "personal",
  "bio": "Backend Developer | Open Source | Enthusiast!",
  "avatar": "https://github.com/aleemaheer.png",
  "links": [
    {
      "name": "Follow me on GitHub",
      "url": "https://github.com/aleemaheer",
      "icon": "FaGithub"
    },
    {
      "name": "Follow me on Twitter",
      "url": "https://twitter.com/aleem_aheer",
      "icon": "FaTwitter"
    },
    {
      "name": "Follow me on Instagram",
      "url": "https://instagram.com/aleem_aheer",
      "icon": "FaInstagram"
    }
  ]
}
