{
  "name": "Hana Aliyah Mufidah",
  "type": "personal",
  "bio": "Wanderlust | Software Developer | Language Enthusiast",
  "avatar": "https://github.com/aliyanamu.png",
  "links": [
    {
      "name": "Fyi, my GitHub, just in case",
      "url": "https://github.com/aliyanamu",
      "icon": "FaGithub"
    },
    {
      "name": "Let's connect on LinkedIn. Any potential job offers?",
      "url": "https://www.linkedin.com/in/hana-aliyah-mufidah",
      "icon": "FaLinkedin"
    },
    {
      "name": "Bare minimum-ing on Instagram",
      "url": "https://www.instagram.com/hanalyh",
      "icon": "FaInstagram"
    }
  ],
  "milestones": [
    {
      "title": "Born",
      "date": "November 1993",
      "color": "#3599cd",
      "description": "Discovered the world",
      "image": "https://media.istockphoto.com/vectors/cake-icon-isolated-white-on-the-blue-background-vector-id483397124?b=1&k=20&m=483397124&s=170667a&w=0&h=L8hwqE0bhQA2iq03I1AwdFyA5zAsfOQwwtdMyyqOdOo="
    },
    {
      "title": "Graduated from Full Stack Immersive Bootcamp",
      "date": "November 2018",
      "icon": "FaGraduationCap",
      "color": "orange",
      "description": "On my birthday, speak of coincidence.",
      "image": "https://pbs.twimg.com/profile_images/1303645505465974785/BAedfmOT_400x400.jpg"
    },
    {
      "title": "Open Source Contributor",
      "date": "February 2022",
      "icon": "FaGithub",
      "color": "black",
      "description": "Had not done any project on github since November 2018, decides to contribute to Open Source and Collaboration.",
      "image": "https://cdn3.iconfinder.com/data/icons/inficons/512/github.png"
    }
  ]
}
