{
  "name": "Amedzro Emmanuel Elikplim",
  "type": "personal",
  "bio": "Javascript | React | TypeScript Developer and Open Source Enthusiast!",
  "avatar": "https://github.com/Amedzro-Elikplim.png",
  "links": [
    {
      "name": "Follow me on GitHub",
      "url": "https://github.com/Amedzro-Elikplim",
      "icon": "FaGithub"
    },
    {
      "name": "Follow me on Twitter",
      "url": "https://twitter.com/ElikplimAmedzro",
      "icon": "FaTwitter"
    },
    {
      "name": "Follow me on LinkedIn",
      "url": "https://www.linkedin.com/in/amedzro-emmanuel-elikplim/",
      "icon": "FaLinkedin"
    }
  ]
}
