{
  "name": "Amelia Dutta",
  "type": "personal",
  "bio": "📚Novels|👩🏻‍💻Code|🐈Cats| 🎓grad@22| 🕸Web Dev|📃 Learning Data Analysis",
  "avatar": "https://github.com/amelia2802.png",
  "links": [
    {
      "name": "Follow me on GitHub",
      "url": "https://github.com/amelia2802",
      "icon": "FaGithub"
    },
    {
      "name": "Connect with me on LinkedIn",
      "url": "https://linkedin.com/in/amelia-dutta-40bb8a17b/",
      "icon": "FaLinkedin"
    },
    {
      "name": "Follow me on Twitter",
      "url": "https://twitter.com/AmeliaDutta",
      "icon": "FaTwitter"
    },
    {
      "name": "Follow me on CodeWars",
      "url": "https://www.codewars.com/users/amelia2802",
      "icon": "SiCodewars"
    }
  ],
  "milestones": [
    {
      "title": "Started Internship",
      "date": "March 2022",
      "icon": "FaGlobe",
      "color": "pink",
      "description": "Started Internship as Data Analyst",
      "url": "https://amelia2802.github.io/Portfolio/"
    },
    {
      "title": "Started Contributing",
      "date": "June 2022",
      "icon": "FaGithub",
      "color": "blue",
      "description": "Started Contributing in Open Source",
      "url": "https://github.com/amelia2802/"
    }
  ]
}
