{
  "name": "Amit Turare",
  "type": "personal",
  "bio": "Hey 👋 I'm Amit, currently pursuing my bachelor's degree majoring in computer science. I am a tech enthusiast & I share amazing tips and lot of resources on HTML, CSS and JavaScript on bird (Twitter). I am always open to collaborating on projects!",
  "avatar": "https://github.com/amitturare.png",
  "links": [
    {
      "name": "Have a look at my projects",
      "url": "https://github.com/amitturare",
      "icon": "FaGithub"
    },
    {
      "name": "Follow me on Twitter",
      "url": "https://twitter.com/Amit_T18",
      "icon": "FaTwitter"
    }
  ]
}
