{
  "name": "Anirudh Patel",
  "type": "personal",
  "bio": "Learning in Public, Building in Public",
  "avatar": "https://github.com/anirudhp26.png",
  "links": [
    {
      "name": "Follow me on GitHub",
      "url": "https://github.com/anirudhp26",
      "icon": "FaGithub"
    },
    {
      "name": "Follow me on Twitter",
      "url": "https://github.com/anirudh_p26",
      "icon": "FaTwitter"
    }
  ],
  "milestones": [
    {
      "title": "Found Open Source",
      "date": "June 2022",
      "icon": "FaGithub",
      "color": "green",
      "description": "Started Open Source in Aug 2022",
      "url": "https://github.com/anirudhp26"
    }
  ]
}
