{
  "name": "Ankush Tripathi",
  "type": "personal",
  "bio": "I am Ankush Tripathi, currently pursuing my engineering degree in computer science from Atharva college of engineering. I am a tech enthusiast. I am always open to collaborate on projects and innovative/disruptive ideas",
  "avatar": "https://github.com/ankushtripathii.png",
  "links": [
    {
      "name": "Follow me on GitHub",
      "url": "https://github.com/ankushtripathii",
      "icon": "FaGithub"
    },
    {
      "name": "Follow me on Twitter",
      "url": "https://twitter.com/imalphaorionis",
      "icon": "FaTwitter"
    },
    {
      "name": "Follow me on LinkedIn",
      "url": "https://www.linkedin.com/in/ankush-tripathi-547008234",
      "icon": "FaLinkedin"
    }
  ]
}
