{
  "name": "Aravind Raveendran",
  "displayStatsPublic": true,
  "type": "personal",
  "bio": "Test Automation Engineer |DevOps Enthusiast|Stock market enthusiast|Swing Trader|Learning Derviative Trading",
  "tags": [
    "Open Source",
    "DevOps",
    "Selenium",
    "Java",
    "Rest API",
    "Docker",
    "QA Automation"
  ],
  "avatar": "https://github.com/aravindraveendran7.png",
  "socials": [
    { "icon": "FaTwitter", "url": "https://twitter.com/AravindRaveend6" },
    { "icon": "FaGithub", "url": "https://github.com/aravindraveendran7" },
    {
      "icon": "FaLinkedin",
      "url": "https://www.linkedin.com/in/aravind-raveendran700"
    }
  ],
  "links": [
    {
      "name": "Follow me on Twitter",
      "url": "https://twitter.com/AravindRaveend6",
      "icon": "FaTwitter"
    },
    {
      "name": "Follow me on LinkedIn",
      "url": "https://www.linkedin.com/in/aravind-raveendran700",
      "icon": "FaLinkedin"
    },
    {
      "name": "Follow me on GitHub",
      "url": "https://github.com/aravindraveendran7",
      "icon": "FaGithub"
    }
  ]
}
