{
  "name": "Arnab Pal",
  "type": "personal",
  "bio": "CSE Undergrad | Open Source Enthusiast | Learning Java & DSA",
  "avatar": "https://github.com/arnabpal2022.png",
  "links": [
    {
      "name": "Follow me on GitHub",
      "url": "https://github.com/arnabpal2022",
      "icon": "FaGithub"
    },
    {
      "name": "Follow me on Instagram",
      "url": "https://www.instagram.com/itzarnabpal",
      "icon": "FaInstagram"
    },
    {
      "name": "Follow me on LinkedIn",
      "url": "https://www.linkedin.com/in/arnab-pal-90946b244/",
      "icon": "FaLinkedin"
    }
  ]
}
