{
  "name": "Aditya Arpan Sahoo",
  "type": "personal",
  "bio": "Loves hackathons | open-source contributor",
  "avatar": "https://github.com/arpanaditya.png",
  "links": [
    {
      "name": "Follow me on GitHub",
      "url": "https://github.com/arpanaditya",
      "icon": "FaGithub"
    },
    {
      "name": "Follow me on Twitter",
      "url": "https://twitter.com/adityaa_sahoo",
      "icon": "FaTwitter"
    },
    {
      "name": "Follow me on LinkedIn",
      "url": "https://linkedin.com/in/arpan-aditya",
      "icon": "FaLinkedin"
    },
    {
      "name": "Follow me on Instagram",
      "url": "https://instagram.com/adityaa_sahoo",
      "icon": "FaInstagram"
    }
  ],
  "milestones": [
    {
      "title": "First Hackathon",
      "date": "Jan 2020",
      "icon": "FaGithub",
      "color": "grey",
      "description": "Participated in first hackathon and after that I've been a part of many hackathons as Mentor and Participant. Won some of them too."
    },
    {
      "title": "First Open-source contribution",
      "image": "https://github.com/arpanaditya.png",
      "date": "Dec 2020",
      "icon": "FaGithub",
      "color": "grey",
      "description": "Started contributing to different open-source projects and communities.",
      "url": "https://github.com/arpanaditya"
    }
  ]
}
