{
  "name": "Arti Manputra",
  "type": "personal",
  "bio": "Hi there!, I am Arti, I am deeply passionate about software development & innovations & I also firmly believe in the power of the community. I am a web developer,java programmer and blogger. ",
  "avatar": "https://github.com/artimanputra.png",
  "links": [
    {
      "name": "Checkout my GitHub",
      "url": "https://github.com/artimanputra",
      "icon": "FaGithub"
    },
    {
      "name": "Follow me on Twitter",
      "url": "https://twitter.com/ArtiManputra",
      "icon": "FaTwitter"
    },
    {
      "name": "Check out my Portfolio",
      "url": "https://jovial-stonebraker-c75f22.netlify.app/",
      "icon": "FaGlobe"
    },
    {
      "name": "Connect with me on LinkedIn",
      "url": "https://www.linkedin.com/in/arti-manputra-21183420a/",
      "icon": "FaLinkedin"
    },
    {
      "name": "Read my Blog",
      "url": "https://terminalstack.com/",
      "icon": "FaBook"
    }
  ]
}
