{
  "name": "Ashish Khanagwal",
  "type": "personal",
  "bio": "Open Source Enthusiast | Front-end Web Developer | Commited to DevOps | WEB-3.0 | Building Connections🤝",
  "avatar": "https://github.com/Ashish-Khanagwal.png",
  "links": [
    {
      "name": "Follow my Open Source on GitHub",
      "url": "https://github.com/Ashish-khanagwal",
      "icon": "FaGithub"
    },
    {
      "name": "Connect with me on Twitter",
      "url": "https://twitter.com/iashishkhangwal",
      "icon": "FaTwitter"
    },
    {
      "name": "Follow me on LinkedIn",
      "url": "https://www.linkedin.com/in/ashish-khanagwal-890326213/",
      "icon": "FaLinkedin"
    }
  ]
}
