{
  "name": "Ash Mudra",
  "type": "personal",
  "bio": "Fullstack Developer",
  "avatar": "https://github.com/ashmudra.png",
  "links": [
    {
      "name": "Follow me on GitHub",
      "url": "https://github.com/AshMudra",
      "icon": "FaGithub"
    },
    {
      "name": "Follow me on Twitter",
      "url": "https://twitter.com/AshMudra",
      "icon": "FaTwitter"
    },
    {
      "name": "Connect with me on LinkedIn",
      "url": "https://linkedin.com/in/ash-mudra",
      "icon": "FaLinkedin"
    }
  ]
}
