{
  "name": "Asif Habib",
  "type": "personal",
  "bio": "Web Developer | Devops Enthusiast",
  "avatar": "https://github.com/asif032000.png",
  "links": [
    {
      "name": "Follow me on GitHub",
      "url": "https://github.com/asif032000",
      "icon": "FaGithub"
    },
    {
      "name": "Follow me on Twitter",
      "url": "https://twitter.com/AsifHab12532650",
      "icon": "FaTwitter"
    },
    {
      "name": "Follow me on LinkedIn",
      "url": "https://www.linkedin.com/in/asif-habib-aaaa021a2/",
      "icon": "FaLinkedin"
    }
  ]
}
