{
  "name": "Atharva Mogade",
  "type": "personal",
  "bio": "Graphic Designer | Open Source Enthusiast | Aspiring Web Developer",
  "avatar": "https://github.com/atharvamogade.png",
  "links": [
    {
      "name": "Follow me on GitHub",
      "url": "https://github.com/atharvamogade",
      "icon": "FaGithub"
    },
    {
      "name": "Connect with me on Twitter",
      "url": "https://twitter.com/atharvamogade",
      "icon": "FaTwitter"
    },
    {
      "name": "Connect with me on LinkedIn",
      "url": "https://linkedin.com/in/atharvamogade",
      "icon": "FaLinkedin"
    },
    {
      "name": "Follow me on Instagram",
      "url": "https://instagram.com/the_darsh_7.0",
      "icon": "camera"
    }
  ]
}
