{
  "name": "ATULYA JAISWAL",
  "displayStatsPublic": true,
  "type": "personal",
  "bio": "Open Source and Web Dev Enthusiast!",
  "avatar": "https://github.com/AtulyaJaiswal.png",
  "tags": ["javascript", "html", "css", "html", "react"],
  "socials": [
    { "icon": "FaTwitter", "url": "https://twitter.com/AtulyaJaiswal22" },
    { "icon": "FaGithub", "url": "https://github.com/AtulyaJaiswal" }
  ],
  "links": [
    {
      "name": "Follow me on GitHub",
      "url": "https://github.com/AtulyaJaiswal",
      "icon": "FaGithub"
    },
    {
      "name": "Follow me on Twitter",
      "url": "https://twitter.com/AtulyaJaiswal22",
      "icon": "FaTwitter"
    }
  ],
  "milestones": [
    {
      "title": "Created some full stack projects",
      "date": "August 2022",
      "icon": "FaDollarSign",
      "color": "grey",
      "description": "Development",
      "url": "https://portfolio-fc6e8.firebaseapp.com/"
    }
  ]
}
