{
  "name": "Adegoke Ayobami",
  "type": "personal",
  "bio": "Software Engineer!",
  "avatar": "https://github.com/ayobamiseun.png",
  "links": [
    {
      "name": "Follow me on GitHub",
      "url": "https://github.com/ayobamiseun",
      "icon": "FaGithub"
    },
    {
      "name": "Follow me on Twitter",
      "url": "https://twitter.com/ayobami_sean",
      "icon": "FaTwitter"
    },
    {
      "name": "Follow me on Instagram",
      "url": "https://instagram.com/its_ayobami_",
      "icon": "FaInstagram"
    }
  ],
  "milestones": [
    {
      "title": "Started Coding",
      "date": "August 2019",
      "icon": "FaDollarSign",
      "color": "grey",
      "description": "Software Engineer",
      "url": "https://github.com/ayobamiseun"
    }
  ]
}
