{
  "name": "Ayush Lohmod",
  "type": "personal",
  "bio": "I am Ayush Lohmod, currently pursuing Batchelors of Computer Application from SGT UNIVERSITY. I am a tech enthusiast. I am always open to collaborating on projects and innovative/disruptive ideas",
  "avatar": "https://github.com/ayushlohmod.png",
  "links": [
    {
      "name": "Follow me on GitHub",
      "url": "https://github.com/ayushlohmod",
      "icon": "FaGithub"
    },
    {
      "name": "Follow me on Twitter",
      "url": "https://twitter.com/ayushlohmod",
      "icon": "FaTwitter"
    },
    {
      "name": "Connect with me on LinkedIn",
      "url": "https://www.linkedin.com/in/ayush-lohmod-22411a139/",
      "icon": "FaLinkedin"
    }
  ],
  "milestones": [
    {
      "title": "Started Full Stack development",
      "date": "September 2021",
      "icon": "NodeJs",
      "color": "#90ee90",
      "description": "Started full stack development courrently learning Node Js",
      "url": "https://ayushlohmod.github.io/oscar/"
    },
    {
      "title": "Learning to Code!",
      "date": "April 2021",
      "icon": "FaDev",
      "color": "blue",
      "description": "Started learning to code from freeCodeCamp and other youtubers"
    }
  ]
}
