{
  "name": "Bala Hantsi",
  "type": "personal",
  "bio": "Open Source Enthusiast!",
  "avatar": "https://github.com/bhantsi.png",
  "links": [
    {
      "name": "Follow me on GitHub",
      "url": "https://github.com/bhantsi",
      "icon": "FaGithub"
    },
    {
      "name": "Follow me on Twitter",
      "url": "https://twitter.com/b_hantsi",
      "icon": "FaTwitter"
    }
  ],
  "milestones": [
    {
      "title": "Started Freelancing",
      "date": "December 2018",
      "icon": "FaDollarSign",
      "color": "grey",
      "description": "Started freelancing"
    },
    {
      "title": "Started Mentoring",
      "date": "March 2019",
      "description": "Started mentoring"
    },
    {
      "title": "Started engaging in developers' community",
      "date": "February 2020",
      "description": "Started leading OSACA KANO (an open-source community Africa local chapter)"
    }
  ]
}
