{
  "name": "Bhavya Wahie",
  "type": "personal",
  "bio": "Full-stack Developer with an eye for design",
  "avatar": "https://github.com/bhavyawahie.png",
  "links": [
    {
      "name": "Follow here to see me talk in memes 😎",
      "url": "https://twitter.com/bhavyawahie",
      "icon": "FaTwitter"
    },
    {
      "name": "Follow and See my recent side projects on GitHub 👩‍💻 ",
      "url": "https://github.com/bhavyawahie",
      "icon": "FaGithub"
    },
    {
      "name": "Follow me on Instagram 👀",
      "url": "https://instagram.com/bhavyawahie",
      "icon": "FaInstagram"
    }
  ]
}
