{
  "name": "Bongani Bendile",
  "type": "personal",
  "bio": "I'm a finance and investment management student enthusiastic about the intersection of finance and software",
  "avatar": "https://github.com/Bonganibendi.png",
  "links": [
    {
      "name": "Follow me on GitHub",
      "url": "https://github.com/Bonganibendi",
      "icon": "FaGithub"
    }
  ],
  "milestones": [
    {
      "title": "Learning Fundementals of Programming",
      "date": "July 2019",
      "icon": "FaApple",
      "color": "#d17049",
      "description": "Learned the fundementals of programming using the swift programming language.",
      "url": "https://www.swift.org"
    },
    {
      "title": "Completed iOS Development Bootcamp",
      "date": "October 2020",
      "icon": "FaBook",
      "color": "#961eeb",
      "description": "Mastered the fundementals of the iOS SDK.",
      "url": "https://www.udemy.com/course/ios-12-app-development-bootcamp/"
    },
    {
      "title": "Built Crypto Aggregator",
      "date": "November 2021",
      "icon": "FaGithub",
      "color": "#18401c",
      "description": "A SwiftUi app that allows you to monitor and aggregate the price of cryptocurrencies",
      "url": "https://github.com/Bonganibendi/CryptoAggregator.git"
    },
    {
      "title": "Learned Python",
      "date": "April 2022",
      "icon": "FaBook",
      "color": "#3d6fdb",
      "description": "Learning financial programming using python and the Jupyter Notebook/Anaconda ecosystem.",
      "url": "https://www.python.org"
    }
  ]
}
