{
  "name": "Bryson Nyamwange",
  "type": "personal",
  "bio": "Open Source Enthusiast!",
  "avatar": "https://github.com/brysonwaisi.png",
  "links": [
    {
      "name": "Follow me on GitHub",
      "url": "https://github.com/brysonwaisi",
      "icon": "FaGithub"
    },
    {
      "name": "Follow me on Twitter",
      "url": "https://twitter.com/brysonwaisi",
      "icon": "FaTwitter"
    },
    {
      "name": "Support my work!",
      "url": "https://www.buymeacoffee.com/nyamwangeB",
      "icon": "FaDollarSign"
    },
    {
      "name": "Connect with me on LinkedIn",
      "url": "https://www.linkedin.com/in/bryson-nyamwange-a2b21014a/",
      "icon": "FaLinkedin"
    }
  ],
  "milestones": [
    {
      "title": "Graduated",
      "date": "July 2021",
      "icon": "FaDollarSign",
      "color": "grey",
      "description": "Started Coding right away",
      "url": "https://bryson-portfolio.netlify.app/"
    }
  ]
}
