{
  "name": "Cao Tan Duc",
  "type": "personal",
  "bio": "Student",
  "avatar": "https://github.com/caotanduc.png",
  "links": [
    {
      "name": "Follow me on GitHub",
      "url": "https://github.com/caotanduc",
      "icon": "FaGithub"
    },
    {
      "name": "Follow me on Facebook",
      "url": "https://facebook.com/tan.duc.92317/",
      "icon": "FaFacebook"
    }
  ],
  "milestones": [
    {
      "title": "University",
      "date": "September 2020",
      "icon": "FaBook",
      "color": "grey",
      "description": "Started studying at Ho Chi Minh University of Science - Vietnam"
    }
  ]
}
