{
  "name": "Dhruva Srinivas",
  "type": "personal",
  "bio": "Backend developer and Linux/OSS enthusiast",
  "avatar": "https://github.com/carrotfarmer.png",
  "links": [
    {
      "name": "Follow me on GitHub",
      "url": "https://github.com/carrotfarmer",
      "icon": "FaGithub"
    },
    {
      "name": "Check out my website",
      "url": "https://carrotfarmer.github.io",
      "icon": "FaGlobe"
    },
    {
      "name": "Check out my blog",
      "url": "https://dev.to/carrotfarmer",
      "icon": "FaBook"
    }
  ]
}
