{
  "name": "Chunduri Jaswanth",
  "type": "personal",
  "bio": "Open Source Enthusiast!",
  "avatar": "https://github.com/jaswanth187.png",
  "links": [
    {
      "name": "Follow me on GitHub",
      "url": "https://github.com/jaswanth187",
      "icon": "FaGithub"
    },
    {
      "name": "Follow me on Twitter",
      "url": "https://twitter.com/jaswanth73",
      "icon": "FaTwitter"
    },
    {
      "name": "Connect with me on LinkedIn",
      "url": "https://www.linkedin.com/in/jaswanth-ch-1b71221b7",
      "icon": "FaLinkedin"
    }
  ]
}
