{
  "name": "Chamberlain Ezigbo",
  "type": "personal",
  "bio": "JavaScript Engineer | Front-end Developer",
  "avatar": "https://github.com/chamberezigbo.png",
  "links": [
    {
      "name": "My portfiolo site",
      "url": "https://shiny-starburst-6f2c53.netlify.app",
      "icon": "FaLink"
    },
    {
      "name": "Follow me on GitHub",
      "url": "https://github.com/chamberezigbo",
      "icon": "FaGithub"
    },
    {
      "name": "Follow me on Twitter",
      "url": "https://twitter.com/Chamberlin5050",
      "icon": "FaTwitter"
    },
    {
      "name": "Follow me on LinkedIn",
      "url": "https://linkedin.com/in/chambertech",
      "icon": "FaLinkedin"
    }
  ],
  "milestones": [
    {
      "title": "Developed and maintained website for charity gate",
      "date": "May 2022",
      "icon": "FaDiscord",
      "color": "#3a3240",
      "description": "Developed a website for a non governmental organization ",
      "url": "http://charitygatefoundation.com/"
    },
    {
      "title": "Started working for a IG Hub as intern",
      "date": "April 2021",
      "icon": "FaGithub",
      "color": "blue",
      "description": "I maintained already existing code and together with other interns, we built sites from scratch for the company.",
      "url": "https://www.github.com/chamberezigbo"
    },
    {
      "title": "Started working for a Rad5 as intern",
      "date": "April 2020",
      "icon": "FaGithub",
      "color": "blue",
      "description": "Collaborated with fellow programmers and designers to build and review new and existing code during the internship",
      "url": "https://www.rad5.com"
    },
    {
      "title": "Learning to Code!",
      "date": "April 2019",
      "icon": "FaGithub",
      "color": "blue",
      "description": "Started learning to code in a Bootcamp at rad5",
      "url": "https://www.rad5.com"
    }
  ]
}
