{
  "name": "Nancy Chaudhry",
  "type": "personal",
  "bio": "Hi! I'm a freelance front-end web developer working with HTML, CSS, Javascript, React, Django, Python, and SQL.",
  "avatar": "https://github.com/chaudhryna.png",
  "links": [
    {
      "name": "Follow me on GitHub",
      "url": "https://github.com/chaudhryna",
      "icon": "FaGithub"
    },
    {
      "name": "Follow me on Twitter",
      "url": "https://twitter.com/Ch14Nancy",
      "icon": "FaTwitter"
    },
    {
      "name": "Connect with me on LinkedIn",
      "url": "https://linkedin.com/in/nancy-chaudhry14/",
      "icon": "FaLinkedin"
    }
  ],
  "milestones": [
    {
      "title": "Started Freelancing",
      "date": "November 2021",
      "icon": "FaDollarSign",
      "color": "grey",
      "description": "Started freelancing",
      "url": "https://nancychaudhry.com/"
    }
  ]
}
