{
  "name": "Chidubem",
  "type": "personal",
  "bio": "Hey, I am  Chidubem, I Artificial Intelligence Developer ",
  "avatar": "https://github.com/Duks31.png",
  "links": [
    {
      "name": "Follow me on GitHub",
      "url": "https://github.com/Duks31",
      "icon": "FaGithub"
    },
    {
      "name": "Follow me on Twitter",
      "url": "https://twitter.com/DuksLe",
      "icon": "FaTwitter"
    },
    {
      "name": "Follow and Connect wtih me on Linkedln",
      "url": "https://www.linkedin.com/in/chidubem-ndukwe-b8778920a/",
      "icon": "FaLinkedin"
    }
  ]
}
