{
  "name": "Chirag Lal",
  "type": "personal",
  "bio": "Front-End Web Developer with a keen interest towards Movies and Music",
  "avatar": "https://github.com/chiraglal.png",
  "links": [
    {
      "name": "Check Out my Portfolio",
      "url": "https://chiragportfolio.vercel.app/",
      "icon": "FaGlobe"
    },
    {
      "name": "Follow me on GitHub",
      "url": "https://github.com/chiraglal",
      "icon": "FaGithub"
    },
    {
      "name": "Follow me on Twitter",
      "url": "https://twitter.com/notfromaladin",
      "icon": "FaTwitter"
    },
    {
      "name": "Follow me on LinkedIn",
      "url": "https://www.linkedin.com/in/chirag-lal-141a0b19b/",
      "icon": "FaLinkedin"
    }
  ]
}
