{
  "name": "Trust Onye",
  "type": "personal",
  "bio": "Front-end Developer with good eye of design and a passion for building beautiful and functional websites. I love to create beautiful and functional websites that are user friendly and easy to use. I have a passion for learning new things and I am always looking for new ways to improve my skills. I am currently working on a music NFT store.",
  "avatar": "https://github.com/code-with-onye.png",
  "links": [
    {
      "name": "Follow me on GitHub",
      "url": "https://github.com/code-with-onye",
      "icon": "FaGithub"
    },
    {
      "name": "Follow me on Twitter",
      "url": "https://twitter.com/OnyemachiTrust",
      "icon": "FaTwitter"
    },
    {
      "name": "Follow me on LinkedIn",
      "url": "https://www.linkedin.com/in/code-with-onye/",
      "icon": "FaLinkedin"
    }
  ]
}
