{
  "name": "CodingSpecies",
  "type": "personal",
  "displayStatsPublic": true,
  "bio": "Making Apps using React.js | Working on web and software engineering 👩‍💻 | Maintaining my organisation, App-Choreography 📛",
  "avatar": "https://github.com/CodingSpecies.png",
  "tags": [
    "javascript",
    "react.js",
    "HTML",
    "CSS",
    "typescript",
    "python",
    "graphic design"
  ],
  "socials": [
    { "icon": "FaGithub", "url": "https://github.com/CodingSpecies" }
  ],
  "links": [
    {
      "name": "Follow me on GitHub",
      "url": "https://github.com/CodingSpecies",
      "icon": "FaGithub"
    },
    {
      "name": "Check out my website 🌐",
      "url": "https://codingspecies.github.io/MyPortfolio/",
      "icon": "FaLink"
    }
  ],
  "milestones": [
    {
      "title": "Joined the world of Software Development",
      "date": "June 2020",
      "icon": "FaBook",
      "color": "grey",
      "description": "Began learning front-end development"
    },
    {
      "title": "Joined GitHub",
      "date": "September 2020",
      "icon": "FaGithub",
      "color": "blue",
      "description": "Began the journey of Open Source"
    },
    {
      "title": "App-Choreography",
      "date": "June 2021",
      "icon": "FaGithub",
      "color": "grey",
      "description": "Established my GitHub organisation!"
    },
    {
      "title": "Hacktoberfest 2021",
      "date": "October 2021",
      "icon": "FaBook",
      "color": "blue",
      "description": "Successfully participated in Hacktoberfest 2021"
    },
    {
      "title": "Hacktoberfest 2022",
      "date": "October 2022",
      "icon": "FaBook",
      "color": "grey",
      "description": "Successfully participated in Hacktoberfest 2022"
    }
  ]
}
