{
  "name": "Robert Carden",
  "type": "personal",
  "bio": "Full-stack | Blockchain expert | Open Source Enthusiast!",
  "avatar": "https://github.com/crazydevlegend.png",
  "links": [
    {
      "name": "Follow me on GitHub",
      "url": "https://github.com/crazydevlegend",
      "icon": "FaGithub"
    },
    {
      "name": "Follow me on Twitter",
      "url": "https://twitter.com/crazydevlegend",
      "icon": "FaTwitter"
    },
    {
      "name": "Portfolio",
      "url": "https://crazy-dev-legend.netlify.app",
      "icon": "FaGlobe"
    }
  ]
}
