{
  "name": "Imam Ali Mustofa",
  "type": "personal",
  "bio": "Deal with My Idealism, Dream Big! Not for Sale, Just for Satisfaction.",
  "avatar": "https://github.com/darkterminal.png",
  "links": [
    {
      "name": "Follow me on GitHub",
      "url": "https://github.com/darkterminal",
      "icon": "FaGithub"
    },
    {
      "name": "Follow me on Gitlab",
      "url": "https://gitlab.com/darkterminal",
      "icon": "FaGitlab"
    },
    {
      "name": "Follow me on DEV.to",
      "url": "https://dev.to/darkterminal",
      "icon": "FaDev"
    },
    {
      "name": "Follow me on Twitter",
      "url": "https://twitter.com/panggilmeiam",
      "icon": "FaTwitter"
    },
    {
      "name": "Read My CV",
      "url": "https://read.cv/darkterminal",
      "icon": "FaLink"
    },
    {
      "name": "Support My Work",
      "url": "https://www.paypal.me/lazarusalhambra",
      "icon": "FaPaypal"
    }
  ],
  "milestones": []
}
