{
  "name": "Darshan Vaishya",
  "type": "personal",
  "bio": "Passionate web developer",
  "avatar": "https://github.com/DarshanVaishya.png",
  "links": [
    {
      "name": "Follow me on GitHub",
      "url": "https://github.com/DarshanVaishya",
      "icon": "FaGithub"
    },
    {
      "name": "Follow me on Twitter",
      "url": "https://twitter.com/darshan_vaishya",
      "icon": "FaTwitter"
    },
    {
      "name": "Check my blog posts",
      "url": "https://blog.darshanvaishya.xyz/",
      "icon": "FaBook"
    }
  ]
}
