{
  "name": "Kinyungu Denis",
  "type": "personal",
  "bio": "Open Source Enthusiast!",
  "avatar": "https://github.com/data2kinyungu.png",
  "links": [
    {
      "name": "Follow me on GitHub",
      "url": "https://github.com/data2kinyungu",
      "icon": "FaGithub"
    },
    {
      "name": "Connect with me on LinkedIn",
      "url": "https://www.linkedin.com/in/denis-mashellkinyungu-1b79bb171/",
      "icon": "FaLinkedin"
    },
    {
      "name": "Follow me on Twitter",
      "url": "https://twitter.com/deno_exporter",
      "icon": "FaTwitter"
    }
  ],
  "milestones": [
    {
      "title": "Started Technical Writing",
      "date": "August 2022",
      "icon": "FaGithub",
      "color": "grey",
      "description": "Started Technical Writing",
      "url": "https://dev.to/deno_exporter"
    }
  ]
}
