{
  "name": "Davide Imola",
  "displayStatsPublic": true,
  "type": "personal",
  "bio": "DevOps Engineer | Community Organizer @ **Schrödinger Hat** | IT Instructor and Mentor",
  "avatar": "https://github.com/davideimola.png",
  "tags": ["Open Source", "Go", "DevOps", "Kubernetes", "TypeScript"],
  "socials": [
    { "icon": "FaTwitter", "url": "https://twitter.com/DavideImola" },
    { "icon": "FaGithub", "url": "https://github.com/davideimola" },
    { "icon": "FaLinkedin", "url": "https://linkedin.com/davideimola" }
  ],
  "links": [
    {
      "name": "Website",
      "url": "https://davideimola.com",
      "icon": "FaGlobe"
    },
    {
      "name": "Blog",
      "url": "https://davideimola.dev",
      "icon": "FaMedium"
    },
    {
      "name": "Schrödinger Hat: Open Source community",
      "url": "https://schrodinger-hat.it",
      "icon": "FaLink"
    },
    {
      "name": "Schrödinger Hat: Discord",
      "url": "https://discord.schrodinger-hat.it",
      "icon": "FaDiscord"
    }
  ]
}
