{
  "name": "David Chibueze Ndubuisi",
  "type": "personal",
  "bio": "Full stack developer",
  "avatar": "https://github.com/davydocsurg.png",
  "links": [
    {
      "name": "Follow me on GitHub",
      "url": "https://github.com/davydocsurg",
      "icon": "FaGithub"
    },
    {
      "name": "Connect with me on LinkedIn",
      "url": "https://linkedin.com/in/davydocsurg",
      "icon": "FaLinkedin"
    },
    {
      "name": "Follow me on Twitter",
      "url": "https://twitter.com/davydocsurg",
      "icon": "FaTwitter"
    }
  ],
  "milestones": [
    {
      "title": "Started Freelancing",
      "date": "December 2020",
      "icon": "FaDollarSign",
      "color": "grey",
      "description": "Started freelancing",
      "url": "https://davydocsurg.github.io/"
    }
  ]
}
