{
  "name": "Devkant Swargiary",
  "type": "personal",
  "bio": "Web Developer | Open Source Enthusiast",
  "avatar": "https://github.com/Devkant21.png",
  "links": [
    {
      "name": "Follow me on GitHub",
      "url": "https://github.com/Devkant21",
      "icon": "FaGithub"
    },
    {
      "name": "Follow me on Twitter",
      "url": "https://twitter.com/devkant21",
      "icon": "FaTwitter"
    },
    {
      "name": "Follow me on Hashnode",
      "url": "https://dev21.hashnode.dev",
      "icon": "SiHashnode"
    },
    {
      "name": "Visit my website [WIP]",
      "url": "https://ds-portfolio-alpha.vercel.app/",
      "icon": "FaGlobe"
    }
  ]
}
