{
  "name": "Hari om singh",
  "type": "personal",
  "bio": "Open Source Enthusiast! and a Full-stack developer",
  "avatar": "https://github.com/Harixomxsingh.png",
  "links": [
    {
      "name": "Follow me on GitHub",
      "url": "https://github.com/Harixomxsingh",
      "icon": "FaGithub"
    },
    {
      "name": "Follow me on Twitter",
      "url": "https://twitter.com/Harixomxsingh",
      "icon": "FaTwitter"
    },
    {
      "name": "Follow me on LinkedIn",
      "url": "https://www.linkedin.com/in/harixomxsingh/",
      "icon": "FaLinkedin"
    }
  ]
}
