{
  "name": "Olakotan Daniel",
  "type": "personal",
  "bio": "Front-End Developer",
  "avatar": "https://github.com/Horlakz.png",
  "links": [
    {
      "name": "Follow me on GitHub",
      "url": "https://github.com/Horlakz",
      "icon": "FaGithub"
    },
    {
      "name": "Follow me on Twitter",
      "url": "https://twitter.com/Horlakzz",
      "icon": "FaTwitter"
    },
    {
      "name": "Follow me on LinkedIn",
      "url": "https://linkedin.com/in/Horlakz",
      "icon": "FaLinkedin"
    },
    {
      "name": "Email",
      "url": "mailto:horlakz@protonmail.com",
      "icon": "FaEnvelope"
    }
  ],
  "milestones": [
    {
      "title": "Started learning Programming",
      "date": "March 2016",
      "icon": "FaDev",
      "color": "grey",
      "description": "Started learning programming",
      "url": "https://www.horlakz.com/"
    },
    {
      "title": "Joined GitHub",
      "date": "June 2021",
      "icon": "FaGithub",
      "color": "green",
      "description": "Created a GitHub account",
      "url": "https://github.com/Horlakz"
    },
    {
      "title": "Joined Dev 47",
      "date": "October 2021",
      "icon": "FaSun",
      "color": "green",
      "description": "Joined the Dev 47 organisation",
      "url": "https://github.com/Horlakz"
    }
  ]
}
