{
  "name": "Hritvik Mohan",
  "type": "personal",
  "bio": "Front-end Developer, Bachelor of Computer Applications student, and an Open Source Enthusiast!",
  "avatar": "https://github.com/Hritvik-Mohan.png",
  "links": [
    {
      "name": "Follow me on GitHub",
      "url": "https://github.com/Hritvik-Mohan",
      "icon": "FaGithub"
    },
    {
      "name": "Follow me on Twitter",
      "url": "https://twitter.com/hritvik_io",
      "icon": "FaTwitter"
    },
    {
      "name": "Follow me on LinkedIn",
      "url": "https://www.linkedin.com/in/hritvik-mohan-33162b131/",
      "icon": "FaLinkedin"
    }
  ]
}
