{
  "name": "Kaleem-abdull",
  "displayStatsPublic": true,
  "type": "personal",
  "bio": "Doctor of pharmacy undergraduate in the world of web development, Html, css, tailwindcss",
  "avatar": "https://github.com/Kaleem-abdull.png",

  "links": [
    {
      "name": "Follow me on Twitter",
      "url": "https://twitter.com/drabdrahaman_",
      "icon": "FaTwitter"
    },

    {
      "name": "Check out my LinkedIn profile",
      "url": "https://www.linkedin.com/in/drabdrahaman",
      "icon": "FaLinkedinIn"
    },

    {
      "name": "subscribe to my YouTube",
      "url": "https://www.youtube.com/channel/UCeR0sR2CSaRT5HWRSs5AeoQ",
      "icon": "FaYoutubeSquare"
    },

    {
      "name": "Lets geek out on GitHub",
      "url": "https://github.com/Kaleem-abdull/",
      "icon": "FaGithub"
    }
  ]
}
