{
  "name": "Moeen Ul Islam",
  "type": "personal",
  "bio": "Aspiring Full-stack web developer",
  "avatar": "https://github.com/moeen-ul-islam.png",
  "links": [
    {
      "name": "Follow me on GitHub",
      "url": "https://github.com/moeen-ul-islam",
      "icon": "FaGithub"
    },
    {
      "name": "Follow me on Twitter",
      "url": "https://twitter.com/moeenulislam_",
      "icon": "FaTwitter"
    },
    {
      "name": "Follow me on LinkedIn",
      "url": "https://linkedin.com/in/moeenulislam",
      "icon": "FaLinkedin"
    }
  ]
}
