{
  "name": "Njong Emy",
  "type": "personal",
  "bio": "Technical writer, Front-end developer, student :)",
  "avatar": "https://github.com/Njong392.png",
  "links": [
    {
      "name": "Follow me on GitHub",
      "url": "https://github.com/Njong392",
      "icon": "FaGithub"
    },
    {
      "name": "Follow me on Twitter",
      "url": "https://twitter.com/njong_emy",
      "icon": "FaTwitter"
    },
    {
      "name": "Check out my LinkedIn profile",
      "url": "https://www.linkedin.com/in/njong-emy-729764207/",
      "icon": "FaLinkedin"
    }
  ],
  "milestones": [
    {
      "title": "Started my tech journey",
      "date": "2020",
      "icon": "FaGlobe",
      "color": "blue",
      "description": "Started tech journey"
    },
    {
      "title": "My first Hacktoberfest",
      "date": "2020",
      "icon": "FaGithub",
      "color": "grey",
      "description": "Started tech journey"
    },
    {
      "title": "Actively started technical writing",
      "date": "2020",
      "icon": "FaBook",
      "color": "red",
      "description": "Started writing"
    },
    {
      "title": "Wrote my first article for FreeCodeCamp",
      "date": "2021",
      "icon": "FaBook",
      "color": "red",
      "description": "Started writing for FCC"
    },
    {
      "title": "First writing job!",
      "date": "2021",
      "icon": "FaDollarSign",
      "color": "grey",
      "description": "first writing gig"
    }
  ]
}
