{
  "name": "Om Avhad",
  "type": "personal",
  "bio": "Backend Developer",
  "avatar": "https://github.com/OmAvhad.png",
  "links": [
    {
      "name": "Follow me on GitHub",
      "url": "https://github.com/OmAvhad",
      "icon": "FaGithub"
    },
    {
      "name": "Let's meet on Twitter",
      "url": "https://twitter.com/omavhadtwt",
      "icon": "FaTwitter"
    },
    {
      "name": "Connect with me on LinkedIn",
      "url": "https://www.linkedin.com/in/om-avhad-2ba13921a/",
      "icon": "FaLinkedin"
    },
    {
      "name": "Contact me via mail",
      "url": "mailto:omavhad22@gmail.com",
      "icon": "FaEnvelope"
    }
  ],
  "milestones": [
    {
      "title": "Started Diploma in Computer Engineering",
      "date": "August 2019",
      "icon": "FaBook",
      "color": "grey",
      "description": "Learned Programming Languages, Data Structures, Databases, Mobile App Development, Cyber Security"
    },
    {
      "title": "Jr. Python Developer Intern @ALTISSADVANCE",
      "date": "Aug 2021 - Apr 2022",
      "image": "https://www.altissadvance.com/images/AltissAdvance_Logo.png",
      "icon": "FaDollarSign",
      "color": "red",
      "description": "Django Developer",
      "url": "https://www.notion.so/Work-done-ALTISSADVANCE-XIRCLS-853775064715462880bd00f7af3838e1"
    },
    {
      "title": "Jr. Python Developer @ALTISSADVANCE",
      "date": "Apr 2022 - Jun 2022",
      "image": "https://www.altissadvance.com/images/AltissAdvance_Logo.png",
      "icon": "FaDollarSign",
      "color": "blue",
      "description": "Developed API's",
      "url": "https://www.notion.so/Work-done-ALTISSADVANCE-XIRCLS-853775064715462880bd00f7af3838e1"
    },
    {
      "title": "Backend Developer Intern @Fyle",
      "date": "Jun 2022 - Jul 2022",
      "image": "https://www.fylehq.com/assets/images/svg-images/fylelogo.svg",
      "icon": "FaDollarSign",
      "color": "#FF007F",
      "description": "REST API's developed with Flask",
      "url": "https://www.notion.so/Work-done-Fyle-496cdfbf8e054e588d03da8d83f0ce77"
    }
  ]
}
