{
  "name": "Olamide Faniyan",
  "type": "personal",
  "bio": "Front end developer",
  "avatar": "https://github.com/Pajimo.png",
  "links": [
    {
      "name": "Follow me on GitHub",
      "url": "https://github.com/Pajimo",
      "icon": "FaGithub"
    },
    {
      "name": "Follow me on Twitter",
      "url": "https://twitter.com/olamide_faniyan",
      "icon": "FaTwitter"
    },
    {
      "name": "Connect with me on LinkedIn",
      "url": "https://www.linkedin.com/in/olamide-faniyan-30ab7422b/",
      "icon": "FaLinkedin"
    },
    {
      "name": "Check my Portfolio",
      "url": "https://olamidefaniyan.netlify.app",
      "icon": "FaGlobe"
    }
  ],
  "milestones": [
    {
      "title": "Started Web development",
      "date": "2017",
      "icon": "FaDollarSign",
      "color": "green",
      "description": "Started Web dev",
      "url": "https://github.com/Pajimo"
    },
    {
      "title": "Re-started web development with React",
      "date": "Jan 2022",
      "icon": "FaDollarSign",
      "color": "green",
      "description": "Finally Progressed to framework and from there I found the confidence to create anything",
      "url": "https://github.com/Pajimo"
    },
    {
      "title": "Started Open source and Mobile Development",
      "date": "June 2022",
      "icon": "FaGithub",
      "color": "green",
      "description": "Starting Open source and Mobile Development"
    }
  ]
}
