{
  "name": "Paramhans Singh",
  "type": "personal",
  "bio": "Web Developer | Mern Stack | Competitive Programmer | Open Source | Blogger",
  "avatar": "https://github.com/Paramhans-Singh.png",
  "links": [
    {
      "name": "Follow me on GitHub",
      "url": "https://github.com/Paramhans-Singh",
      "icon": "FaGithub"
    },
    {
      "name": "Follow me on Twitter",
      "url": "https://twitter.com/ParamSingh1303",
      "icon": "FaTwitter"
    },
    {
      "name": "Follow me on LinkedIn",
      "url": "https://www.linkedin.com/in/paramhans-singh13/",
      "icon": "FaLinkedin"
    },
    {
      "name": "Follow me on Medium",
      "url": "https://medium.com/@paramsingh13",
      "icon": "SiMedium"
    }
  ]
}
