{
  "name": "Pritam Panda",
  "type": "personal",
  "bio": "Web Developer and Open Source Enthusiast!",
  "avatar": "https://github.com/Pritam0077.png",
  "links": [
    {
      "name": "Follow me on GitHub",
      "url": "https://github.com/Pritam0077",
      "icon": "FaGithub"
    },
    {
      "name": "Follow me on Twitter",
      "url": "https://twitter.com/PritamP09066621",
      "icon": "FaTwitter"
    },
    {
      "name": "Follow me on LinkedIn",
      "url": "https://www.linkedin.com/in/pritam-panda-242892215/",
      "icon": "FaLinkedin"
    }
  ],
  "milestones": [
    {
      "title": "Started Coding",
      "date": "December 2020",
      "icon": "FaDollarSign",
      "color": "grey",
      "description": "Started Coding"
    }
  ]
}
