{
  "name": "RAJ PAWAN SHUKLA",
  "type": "personal",
  "bio": "fresher developer, looking for good oppurtunities",
  "avatar": "https://github.com/RajShukla1.png",
  "links": [
    {
      "name": "Follow me on GitHub",
      "url": "https://github.com/RajShukla1",
      "icon": "FaGithub"
    },
    {
      "name": "Follow me on Twitter",
      "url": "https://twitter.com/rajshuk49989182",
      "icon": "FaTwitter"
    },
    {
      "name": "Follow me on LinkedIn",
      "url": "https://www.linkedin.com/in/rajshukla18",
      "icon": "FaLinkedin"
    }
  ]
}
