{
  "name": "Huzaifa Khilawala",
  "type": "personal",
  "bio": "Leetcode Knight | Competetive Programmer",
  "avatar": "https://github.com/RedHeadphone.png",
  "links": [
    {
      "name": "Follow me on GitHub",
      "url": "https://github.com/RedHeadphone",
      "icon": "FaGithub"
    },
    {
      "name": "Follow me on Twitter",
      "url": "https://twitter.com/huzaifa_Khila",
      "icon": "FaTwitter"
    },
    {
      "name": "Leetcode Profile",
      "url": "https://leetcode.com/RedHeadphone/",
      "icon": "SiLeetcode"
    },
    {
      "name": "Friend me on Codeforces",
      "url": "https://codeforces.com/profile/redheadphone",
      "icon": "SiCodeforces"
    },
    {
      "name": "Follow me on LinkedIn",
      "url": "https://www.linkedin.com/in/huzaifa-khilawala/",
      "icon": "FaLinkedin"
    }
  ]
}
