{
  "name": "Rohan Hazari",
  "type": "personal",
  "bio": "I am Rohan Hazari, currently learning React and Node. Although new to Open source I'm very excited to see where it leads me. I am always open to collaborating on projects and innovative/disruptive ideas",
  "avatar": "https://github.com/Rohan-Hazari.png",
  "links": [
    {
      "name": "Follow me on GitHub",
      "url": "https://github.com/Rohan-Hazari",
      "icon": "FaGithub"
    },
    {
      "name": "Follow me on Twitter",
      "url": "https://twitter.com/rohanhzri",
      "icon": "FaTwitter"
    }
  ]
}
