{
  "name": "Roshan Sharma",
  "type": "personal",
  "bio": "I have completed my graduation in 2020. I have done MCA with a CGPA of 7.57/10. I am currently looking for a Software Developer role. I am open to collaborate with any open source project to increase my skills.",
  "avatar": "https://github.com/imrosun.png",
  "links": [
    {
      "name": "Follow me on GitHub",
      "url": "https://github.com/imrosun",
      "icon": "FaGithub"
    },
    {
      "name": "Follow me on Twitter",
      "url": "https://twitter.com/imrosun",
      "icon": "FaTwitter"
    },
    {
      "name": "Connect with me on LinkedIn",
      "url": "https://www.linkedin.com/in/roshan-sharma-bbb6ba178/",
      "icon": "FaLinkedin"
    }
  ],
  "milestones": [
    {
      "title": "Got into Open Source",
      "date": "May 2022",
      "icon": "FaGlobe",
      "color": "grey",
      "description": "Participated in Hacktoberfest, Awesome Github Profiles, LinkFree"
    }
  ]
}
