{
  "name": "SAMUEL IGWESI",
  "displayStatsPublic": true,
  "type": "personal",
  "bio": "Web Developer & Tech Enthusiast",
  "avatar": "https://github.com/SamuelIgwesi.png",
  "tags": ["javascript", "nodeJS"],
  "socials": [
    { "icon": "FaTwitter", "url": "https://twitter.com/prime_developer" },
    { "icon": "FaGithub", "url": "https://github.com/SamuelIgwesi" },
    {
      "icon": "FaLinkedin",
      "url": "https://www.linkedin.com/in/samuel-igwesi-prime-developer/"
    }
  ],
  "links": [
    {
      "name": "Follow me on GitHub",
      "url": "https://github.com/SamuelIgwesi",
      "icon": "FaGithub"
    },
    {
      "name": "Follow me on Twitter",
      "url": "https://twitter.com/PRIME_DEVELOPER",
      "icon": "FaTwitter"
    },
    {
      "name": "Follow me on LinkedIn",
      "url": "https://www.linkedin.com/in/samuel-igwesi-prime-developer/",
      "icon": "FaLinkedin"
    }
  ],
  "milestones": [
    {
      "title": "Started Freelancing",
      "date": "November 2021",
      "icon": "FaDollarSign",
      "color": "grey",
      "description": "Started freelancing",
      "url": "https://samdev.onrender.com/"
    }
  ]
}
