{
  "name": "Shailesh Kumar",
  "type": "personal",
  "bio": "I'm a techy who love experimentation, exploration and collaboration. Also, I have special interests in Open Source, Full Stack Web Dev, DevOps and ML ",
  "avatar": "https://github.com/shaileshkumar007.png",
  "links": [
    {
      "name": "Connect with me on GitHub",
      "url": "https://github.com/shaileshkumar007",
      "icon": "FaGithub"
    },
    {
      "name": "Connect with me on Twitter",
      "url": "https://twitter.com/shailesh2002k",
      "icon": "FaTwitter"
    },
    {
      "name": "Connect with me on LinkedIn",
      "url": "https://www.linkedin.com/in/shailesh-kumar-27799517a/",
      "icon": "FaLinkedin"
    }
  ]
}
