{
  "name": "Shivam",
  "type": "personal",
  "bio": "Open Source Enthusiast!",
  "avatar": "https://github.com/Shivam-officials.png",
  "links": [
    {
      "name": "Waiting for u on GitHub",
      "url": "https://github.com/Shivam-officials",
      "icon": "FaGithub"
    },
    {
      "name": "DM on Twitter",
      "url": "https://twitter.com/_shivam_mm",
      "icon": "FaTwitter"
    }
  ],
  "milestones": [
    {
      "title": "Starting Freelancing",
      "date": "2 October 2022",
      "icon": "FaDollarSign",
      "color": "grey",
      "description": "Started freelancing",
      "url": "https://www.linkedin.com/in/surya-bhardwaj-8074051b8/"
    }
  ]
}
