{
  "name": "Shivendu Kumar",
  "type": "personal",
  "bio": "Open Source Enthusiast!",
  "avatar": "https://github.com/Shivendu-Kumar.png",
  "links": [
    {
      "name": "Follow me on GitHub",
      "url": "https://github.com/Shivendu-Kumar",
      "icon": "FaGithub"
    },
    {
      "name": "Follow me on Twitter",
      "url": "https://twitter.com/shivendu_kr_jha",
      "icon": "FaTwitter"
    },
    {
      "name": "Follow me on LinkedIn",
      "url": "https://www.linkedin.com/in/shivendu-kumar-731a46214/",
      "icon": "FaLinkedin"
    }
  ]
}
