{
  "name": "Shreeyash Garde",
  "displayStatsPublic": true,
  "type": "personal",
  "bio": "Student at Pcet's NMIET , currently learning frontend web developement and data structures and algorithm in Java",
  "avatar": "https://github.com/ShreeyashGarde.png",

  "links": [
    {
      "name": "Follow me on Twitter",
      "url": "https://twitter.com/ShreeyashGarde",
      "icon": "FaTwitter"
    },
    {
      "name": "Connect with me on Linkedin",
      "url": "https://www.linkedin.com/in/shreeyash-garde-b60183230/",
      "icon": "FaLinkedin"
    },
    {
      "name": "Connect with me on Github",
      "url": "https://github.com/settings/profile",
      "icon": "FaGithub"
    }
  ]
}
