{
  "name": "Sumit Singh",
  "type": "personal",
  "bio": "FullStack Developer || ML Learner || Published the Research paper, IEEEXplore Digital Library || SIH Finalist Software Edition, 2019 || Rewarded by MHRD",
  "avatar": "https://github.com/Sin-Sumit.png",
  "links": [
    {
      "name": "Follow me on GitHub",
      "url": "https://github.com/Sin-Sumit",
      "icon": "FaGithub"
    },
    {
      "name": "Follow me on Twitter",
      "url": "https://twitter.com/SinghSumit7388",
      "icon": "FaTwitter"
    }
  ]
}
