{
  "name": "Srinika Semwal",
  "type": "personal",
  "bio": "Hi, I am Srinika, an open source enthusiast interested in DSA and Full Stack Web Development. I'm looking forward to possibilities that will help me explore my potential while also providing me with a knowledge of the workplace culture.",
  "avatar": "https://github.com/Srinika99.png",
  "links": [
    {
      "name": "Connect with me on GitHub",
      "url": "https://github.com/Srinika99",
      "icon": "FaGithub"
    },
    {
      "name": "Connect with me on Twitter",
      "url": "https://twitter.com/srinika_semwal",
      "icon": "FaTwitter"
    },
    {
      "name": "Connect with me on LinkedIn",
      "url": "https://www.linkedin.com/in/srinika-s-57268323b/",
      "icon": "FaLinkedin"
    }
  ]
}
