{
  "name": "Steve Murimi",
  "type": "personal",
  "bio": "Open Source Enthusiast!",
  "avatar": "https://github.com/Stevecmd.png",
  "links": [
    {
      "name": "Follow me on GitHub",
      "url": "https://github.com/Stevecmd",
      "icon": "FaGithub"
    },
    {
      "name": "Follow me on Twitter",
      "url": "https://twitter.com/stevedevex",
      "icon": "FaTwitter"
    }
  ],
  "milestones": [
    {
      "title": "Started Freelancing and contributing to OpenSource",
      "date": "October 2022",
      "icon": "FaDollarSign",
      "color": "grey",
      "description": "Started Freelancing and contributing to OpenSource",
      "url": "https://github.com/Stevecmd"
    }
  ]
}
