{
  "name": "Susmita Dey",
  "type": "personal",
  "bio": "CS UnderGrad, Web Dev and Open Source Enthusiast!",
  "avatar": "https://github.com/Susmita-Dey.png",
  "links": [
    {
      "name": "Follow me on GitHub",
      "url": "https://github.com/Susmita-Dey",
      "icon": "FaGithub"
    },
    {
      "name": "Follow me on Twitter",
      "url": "https://twitter.com/its_SusmitaDey",
      "icon": "FaTwitter"
    },
    {
      "name": "Learn more about Web Dev with projects and Other CS topics",
      "url": "https://www.youtube.com/channel/UCsuzc8lqAbgUYo4yzpjtfSw",
      "icon": "FaYoutube"
    },
    {
      "name": "Join my Discord Community",
      "url": "https://discord.gg/g7FmxB9uZp",
      "icon": "FaDiscord"
    },
    {
      "name": "Follow me on LinkedIn",
      "url": "https://www.linkedin.com/in/susmita-dey-15a15a210/",
      "icon": "FaLinkedin"
    }
  ],
  "milestones": [
    {
      "title": "Started YouTube",
      "image": "https://yt3.ggpht.com/r8tQ1cNtVirJBMOU1cxrfqxBWAFpSezt-eQqBd2dPF2tNlfg_T2W2j5Z3mrpphpm2dtvXs0s=s88-c-k-c0x00ffffff-no-rj",
      "date": "July 2021",
      "icon": "FaYoutube",
      "color": "red",
      "description": "First real video",
      "url": "https://www.youtube.com/channel/UCsuzc8lqAbgUYo4yzpjtfSw"
    },
    {
      "title": "Started Blogging",
      "date": "January 2022",
      "icon": "FaDev",
      "color": "black",
      "description": "Started writing tech blogs to follow the LearningInPublic initiative.",
      "url": "https://dev.to/susmitadey"
    },
    {
      "title": "Learning to Code and Solving Problems!",
      "date": "April 2020",
      "icon": "SiHackerrank",
      "color": "green",
      "description": "Started learning to code and making projects and exploring new things!",
      "url": "https://www.hackerrank.com/susmitadey475"
    }
  ]
}
