{
  "name": "UGOO EZE",
  "type": "personal",
  "bio": "Fullstack Web Developer. Thanks To JavaScript!",
  "avatar": "https://github.com/Ugoo-Eze.png",
  "links": [
    {
      "name": "Check my Projects out on GitHub",
      "url": "https://github.com/Ugoo-Eze",
      "icon": "FaGithub"
    },
    {
      "name": "Check out my journey on Twitter",
      "url": "https://twitter.com/DerHerr66739164",
      "icon": "FaTwitter"
    }
  ],
  "milestones": [
    {
      "title": "Started my Tech Journey",
      "date": "August 2020",
      "icon": "FaGlobe",
      "color": "grey",
      "description": "Tech Journey"
    }
  ]
}
