{
"name": "VaibhavUmrao",
"type": "personal",
"bio": "Student. Web3. Travel enthusiast",
"avatar": "https://github.com/VaibhavUmrao.png",
"links": [
  {
    "name": "Twitter",
    "url": "https://twitter.com/VaibhavUmrao789",
    "icon": "FaTwitter"
  },
  {
    "name": "YouTube",
    "url": "https://www.youtube.com/Vaibhavumrao",
    "icon": "FaYoutube"
  },
  {
    "name": "Instagram",
    "url": "https://instagram.com/umraovaibhav945",
    "icon": "FaInstagram"
  },
  {
    "name": "LinkedIn",
    "url": "https://www.linkedin.com/in/vaibhav-umrao-136a26222",
    "icon": "FaLinkedIn"
  },
  {
    "name": "GitHub",
    "url": "https://github.com/VaibhavUmrao",
    "icon": "FaGitHub"
  }
  ]
}
    
