{
  "name": "ADEWALE ADEYEMO",
  "type": "personal",
  "bio": "Cloud infrastructure Engineer | Kubernetes | Currently learning DevOps | Terraform | Open Source Enthusiast!",
  "avatar": "https://github.com/WaleyDevOps.png",
  "links": [
    {
      "name": "Follow me on GitHub",
      "url": "https://github.com/WaleyDevops",
      "icon": "FaGithub"
    },
    {
      "name": "Follow me on Twitter",
      "url": "https://twitter.com/whaleyboi001",
      "icon": "FaTwitter"
    },
    {
      "name": "Follow me on LinkedIn",
      "url": "https://www.linkedin.com/in/adewaleadeyemo/",
      "icon": "FaLinkedin"
    }
  ]
}
